Nome; Telefone; Email; Curso; Data Cadastro;
JUliano;234234234;jboinvargas@hotmail.com;Consumo Consciente de Energia;09/12/2016 15:01;
teste;23423423;teste@teste.com;Educação Ambiental;09/12/2016 15:01;
asdfasdf;asdfasdfasf;asdfasdfasdf;Finanças Pessoais;09/12/2016 15:03;
asdfsdaf;asdfasdf;asdfasdf;Consumo Consciente de Energia;09/12/2016 15:05;
;;;Consumo Consciente de Energia;09/12/2016 15:08;
;;;Empreendedorismo;09/12/2016 15:11;
;;;Fundamentos de Logística;09/12/2016 15:13;
;;;Legislação Trabalhista;09/12/2016 15:13;
teste;teste;teste;Finanças Pessoais;09/12/2016 15:25;
teste1;2342342;teste@teste.com;Finanças Pessoais;09/12/2016 15:26;
Juliano;1231231;123123123;Consumo Consciente de Energia;09/12/2016 15:37;
